<?xml version="1.0" encoding="UTF-8"?>
<!-- Configures the Camel Context -->
<beans xmlns="http://www.springframework.org/schema/beans"
    xmlns:cxf="http://camel.apache.org/schema/cxf"
    xmlns:xsi="http://www.w3.org/2001/XMLSchema-instance" xsi:schemaLocation="http://www.springframework.org/schema/beans http://www.springframework.org/schema/beans/spring-beans.xsd          http://camel.apache.org/schema/spring http://camel.apache.org/schema/spring/camel-spring.xsd          http://camel.apache.org/schema/cxf http://camel.apache.org/schema/cxf/camel-cxf.xsd">
    <cxf:rsServer address="http://localhost:9080" id="BankRestEndpoint">
        <cxf:serviceBeans>
            <ref bean="serviceClass"/>
        </cxf:serviceBeans>
        <cxf:features>
            <ref bean="loggingFeature"/>
        </cxf:features>
        <cxf:providers>
            <bean class="org.codehaus.jackson.jaxrs.JacksonJaxbJsonProvider"/>
        </cxf:providers>
    </cxf:rsServer>
    <bean class="com.eai.integration.BankAccountResource" id="serviceClass"/>
    <bean class="org.apache.cxf.feature.LoggingFeature" id="loggingFeature"/>
    <bean class="com.eai.integration.mapper.DataMapper" id="datamapper"/>
    <bean class="com.eai.integration.mapper.BankAccountMapper" id="bankAccountMapper"/>
    <camelContext id="bankCamelContext" xmlns="http://camel.apache.org/schema/spring">
        <route id="bankRoute">
            <!-- route starts from the cxf webservice in POJO mode -->
            <from id="restEndpointListener" uri="cxfrs://bean://BankRestEndpoint"/>
            <log id="_log1" message="*** Incoming message : ${body}"/>
            <bean id="_bean1" method="mapHttpRequest" ref="datamapper"/>
            <bean id="_bean2" method="mapResponse" ref="bankAccountMapper"/>
        </route>
    </camelContext>
</beans>
