<?xml version="1.0" encoding="UTF-8"?>
<beans xmlns="http://www.springframework.org/schema/beans"
	xmlns:xsi="http://www.w3.org/2001/XMLSchema-instance" xmlns:camel="http://camel.apache.org/schema/spring"
	xmlns:cxf="http://camel.apache.org/schema/cxf" xmlns:context="http://www.springframework.org/schema/context"
	xmlns:cxfcore="http://cxf.apache.org/core" xmlns:ctx="http://www.springframework.org/schema/context"
	xmlns:http-conf="http://cxf.apache.org/transports/http/configuration"
	xmlns:jaxrs="http://cxf.apache.org/jaxrs" xmlns:util="http://www.springframework.org/schema/util"
	xmlns:httpj="http://cxf.apache.org/transports/http-jetty/configuration"
	xmlns:http="http://cxf.apache.org/transports/http/configuration"
	xmlns:sec="http://cxf.apache.org/configuration/security"
	xsi:schemaLocation="
       http://www.springframework.org/schema/beans http://www.springframework.org/schema/beans/spring-beans.xsd
       http://www.springframework.org/schema/context http://www.springframework.org/schema/context/spring-context.xsd
       http://camel.apache.org/schema/spring http://camel.apache.org/schema/spring/camel-spring.xsd
       http://camel.apache.org/schema/cxf http://camel.apache.org/schema/cxf/camel-cxf.xsd
       http://cxf.apache.org/core http://cxf.apache.org/schemas/core.xsd
       http://www.springframework.org/schema/context http://www.springframework.org/schema/context/spring-context.xsd
       http://cxf.apache.org/transports/http/configuration http://cxf.apache.org/schemas/configuration/http-conf.xsd
       http://cxf.apache.org/jaxrs http://cxf.apache.org/schemas/jaxrs.xsd
       http://www.springframework.org/schema/util http://www.springframework.org/schema/util/spring-util.xsd 
       http://cxf.apache.org/transports/http-jetty/configuration
       http://cxf.apache.org/schemas/configuration/http-jetty.xsd
       http://cxf.apache.org/schemas/configuration/security.xsd
       http://cxf.apache.org/transports/http/configuration
       http://cxf.apache.org/schemas/configuration/http-conf.xsd
       http://cxf.apache.org/transports/http-jetty/configuration">

	<import resource="classpath:META-INF/cxf/cxf.xml" />
	<import
		resource="classpath:META-INF/spring/com/aviva/uk/integration/httpj-engines.xml" />
	<bean id="loggingFeature" class="org.apache.cxf.feature.LoggingFeature" />

	<bean id="serviceClass"
		class="com.aviva.uk.integration.pension.pensionrouter.PensionRouterResource" />

	 <bean id="restInboundFeature"
		class="com.aviva.uk.integration.cxf.features.BasicAuthRestInboundFeature">
		<property name="serviceClass" ref="serviceClass" />
	</bean>

	<bean id="pensionInInterceptor"
		class="com.aviva.uk.integration.pension.interceptor.PensionInInterceptor" />

	<bean id="pensionFaultOutInterceptor"
		class="com.aviva.uk.integration.pension.interceptor.PensionFaultOutHandlerInterceptor" />

	<bean id="pensionInterceptorFilter"
		class="com.aviva.uk.integration.pension.interceptor.PensionInterceptorFilter" />

	<bean id="exceptionMapper"
		class="com.aviva.uk.integration.errorhandling.ProblemDetailsExceptionMapper" />

	<bean id="jsonDataProvider"
		class="com.aviva.uk.integration.cxf.rest.ExtendedJacksonJsonMessageWriter" />

    <!-- Authentication & Authorization provider -->
	<bean id="authorizationInterceptor"
		class="org.apache.cxf.interceptor.security.SecureAnnotationsInterceptor">
		<property name="securedObject" ref="serviceClass" />
	</bean>

	<bean id="authenticationFilter" class="org.apache.cxf.jaxrs.security.JAASAuthenticationFilter">
		<property name="contextName" value="database" />
	</bean>

	<bean id="authorizationFilter" class="org.apache.cxf.jaxrs.security.SimpleAuthorizingFilter">
		<property name="interceptor" ref="authorizationInterceptor" />
	</bean>
	
	<bean id="pensionRouterUtil"
		class="com.aviva.uk.integration.pension.pensionrouter.PensionRouterUtil" />

	<bean id="validatorFeature" class="com.aviva.uk.integration.validation.interceptor.ValidatorFeature"/>

	<cxf:rsServer id="PensionRouterCXFRestEndpoint" address="{{inboundAddress}}"
		depends-on="httpj-engines">
		<cxf:serviceBeans>
			<ref bean="serviceClass" />
		</cxf:serviceBeans>
		<cxf:features>
			<ref bean="loggingFeature" />
			<ref bean="restInboundFeature" />
			<ref bean="pensionInterceptorFilter" />
			<ref bean="validatorFeature" />
		</cxf:features>
		<cxf:providers>
			<ref bean="exceptionMapper" />
			<ref bean="jsonDataProvider" />
			<ref bean="authenticationFilter" />
			<ref bean="authorizationFilter" />
		</cxf:providers>
	</cxf:rsServer>



	<bean id="pensionRoutingProperties"
		class="org.apache.camel.spring.spi.BridgePropertyPlaceholderConfigurer">
		<property name="locations">
			<list>
				<value>classpath:com/ukgi/environment/properties/globals.properties
				</value>
				<value>classpath:com/aviva/uk/integration/pension/pension.properties
				</value>
				<value>classpath:com/aviva/uk/integration/pension/pensionRouterAPI/pensionRouter.properties
				</value>

			</list>
		</property>
	</bean>

	<camelContext id="PensionRouterContext" xmlns="http://camel.apache.org/schema/spring">
		<route handleFault="true" streamCache="true" id="PensionRouterRoute">
			<from uri="cxfrs://bean://PensionRouterCXFRestEndpoint" />
			<log message="*** Incoming message : ${body}" />
			<log message="*** Incoming message : ${header.CamelHttpPath}" />
			<setHeader headerName="uri">
						<constant>{{inboundAddress}}</constant>
			</setHeader>
			<recipientList>
						<method ref="pensionRouterUtil" method="getTarget" />
			</recipientList>
			
		</route>



	</camelContext>

</beans>