<archetype-descriptor
	xmlns="http://maven.apache.org/plugins/maven-archetype-plugin/archetype-descriptor/1.0.0"
	xmlns:xsi="http://www.w3.org/2001/XMLSchema-instance"
	xsi:schemaLocation="http://maven.apache.org/plugins/maven-archetype-plugin/archetype-descriptor/1.0.0 http://maven.apache.org/xsd/archetype-descriptor-1.0.0.xsd"
	name="wsg-proxy" partial="false">
	<requiredProperties>
		<requiredProperty key="serviceClass" />
		<requiredProperty key="roles" />
		<requiredProperty key="httpMethod" />
		<requiredProperty key="servicePath" />
		<requiredProperty key="apiName" />
		<requiredProperty key="domain" />
		<requiredProperty key="scmUrl" />
	</requiredProperties>
	<fileSets>
		<fileSet filtered="true" packaged="false" encoding="UTF-8">
			<!-- .gitignore to be at the project root directory -->
			<directory></directory>
			<includes>
				<include>.gitignore</include>
				<include>**/README.md</include>
			</includes>
		</fileSet>
		<fileSet filtered="true" packaged="false" encoding="UTF-8">
			<directory>src/main/java</directory>
			<includes>
				<include>**/*.*</include>
			</includes>
		</fileSet>
		<fileSet filtered="true" packaged="false" encoding="UTF-8">
			<directory>src/test/java</directory>
			<includes>
				<include>**/*.*</include>
			</includes>
		</fileSet>
		<fileSet filtered="true" packaged="false" encoding="UTF-8">
			<directory>src/main/resources</directory>
			<includes>
				<include>**/*.*</include>
			</includes>
		</fileSet>
		<fileSet filtered="true" packaged="false" encoding="UTF-8">
			<directory>src/test/resources</directory>
			<includes>
				<include>**/*.*</include>
			</includes>
		</fileSet>
	</fileSets>
</archetype-descriptor>