<?xml version="1.0" encoding="UTF-8"?>
<beans xmlns="http://www.springframework.org/schema/beans"
	xmlns:xsi="http://www.w3.org/2001/XMLSchema-instance" xmlns:camel="http://camel.apache.org/schema/spring"
	xmlns:cxf="http://camel.apache.org/schema/cxf" xmlns:context="http://www.springframework.org/schema/context"
	xmlns:cxfcore="http://cxf.apache.org/core" xmlns:ctx="http://www.springframework.org/schema/context"
	xmlns:http-conf="http://cxf.apache.org/transports/http/configuration"
	xmlns:jaxrs="http://cxf.apache.org/jaxrs" xmlns:util="http://www.springframework.org/schema/util"
	xsi:schemaLocation="
       http://www.springframework.org/schema/beans http://www.springframework.org/schema/beans/spring-beans.xsd
       http://www.springframework.org/schema/context http://www.springframework.org/schema/context/spring-context.xsd
       http://camel.apache.org/schema/spring http://camel.apache.org/schema/spring/camel-spring.xsd
       http://camel.apache.org/schema/cxf http://camel.apache.org/schema/cxf/camel-cxf.xsd
       http://cxf.apache.org/core http://cxf.apache.org/schemas/core.xsd
       http://www.springframework.org/schema/context http://www.springframework.org/schema/context/spring-context.xsd
       http://cxf.apache.org/transports/http/configuration http://cxf.apache.org/schemas/configuration/http-conf.xsd
       http://cxf.apache.org/jaxrs http://cxf.apache.org/schemas/jaxrs.xsd
       http://www.springframework.org/schema/util http://www.springframework.org/schema/util/spring-util.xsd ">

	<import resource="classpath:META-INF/cxf/cxf.xml" />
	<!-- This import is for SSL Security -->
	<import
		resource="classpath:META-INF/spring/com/aviva/uk/integration/httpj-engines.xml" />

	<bean id="loggingFeature" class="org.apache.cxf.feature.LoggingFeature" />

	<bean id="multiPartProvider" class="org.apache.cxf.jaxrs.provider.MultipartProvider" />

	<bean id="serviceClass"
		class="com.aviva.uk.integration.pension.pensiondocumentrouter.PensionDocumentRouterResource" />
	<bean id="jsonDataProvider"
		class="com.aviva.uk.integration.cxf.rest.ExtendedJacksonJsonMessageWriter" />

	<bean id="restInboundFeature"
		class="com.aviva.uk.integration.cxf.features.BasicAuthRestInboundFeature">
		<property name="serviceClass" ref="serviceClass" />
	</bean>

	<cxf:rsServer id="pensionDocumentRouterCXFRestEndpoint"
		address="{{inboundURL}}" depends-on="httpj-engines">
		<cxf:serviceBeans>
			<ref bean="serviceClass" />
		</cxf:serviceBeans>
		<cxf:features>
			<ref bean="loggingFeature" />
			<ref bean="restInboundFeature" />
		</cxf:features>
		<cxf:providers>
			<ref bean="jsonDataProvider" />
			<ref bean="multiPartProvider" />
		</cxf:providers>
	</cxf:rsServer>

	<bean id="bridgePropertyPlaceholder"
		class="org.apache.camel.spring.spi.BridgePropertyPlaceholderConfigurer">
		<property name="locations">
			<list>
				<value>classpath:com/ukgi/environment/properties/globals.properties
				</value>
				<value>classpath:com/aviva/uk/integration/pension/pension.properties
				</value>
				<value>classpath:com/aviva/uk/integration/pension/pensionDocumentAPI/pensionDocument.properties
				</value>
				<value>classpath:com/aviva/uk/integration/pension/pIDDataAPI/pIDData.properties
				</value>
			</list>
		</property>
	</bean>
	<bean id="dataMapper"
		class=" com.aviva.uk.integration.pension.pensiondocumentrouter.DataMapper" />
	<camelContext id="pensionDocumentRouterContext" xmlns="http://camel.apache.org/schema/spring">
		<route handleFault="true" streamCache="true"
			id="PensionDocumentRouterRoute">
			<from uri="cxfrs://bean://pensionDocumentRouterCXFRestEndpoint" />
			<log message="*** Incoming message : ${body}" />
			<log message="*** Incoming message : ${header.CamelHttpPath}" />
			<choice>
				<when>
					<simple>${header.CamelHttpPath} contains 'transferOutConfirmation'</simple>
					<log message="***** TransferOutConfirmation Route" />
					<to uri="direct-vm:transferOutConfirmation" id="transferOutConfirmationVM" />
					<log message="*** Outgoing message : ${body}" />
					<bean ref="dataMapper" method="mapResponse" />
				</when>
				<when>

					<simple>${header.CamelHttpPath} contains 'pclsConfirmation'</simple>
					<log message="***** pclsConfirmation Route" />
					<to uri="direct-vm:pclsConfirmation" id="pclsConfirmationVM" />
					<log message="*** Outgoing message : ${body}" />
					<bean ref="dataMapper" method="mapResponse" />
				</when>
				<when>
					<simple>${header.CamelHttpPath} contains 'policyInformationDocumentData'</simple>
					<log message="*** Policy Information Pack Document route" />
					<to uri="direct-vm:policyInformationDocumentData" id="policyInformationDocumentDataVM" />
					<log message="*** Outgoing message : ${body}" />
					<bean ref="dataMapper" method="mapResponse" />
				</when>
				<otherwise>
					<log message="subResource ${header.CamelHttpPath} is not implemented" />
					<bean ref="dataMapper" method="handleResourceNotFound" />
				</otherwise>
			</choice>
		</route>
	</camelContext>
</beans>