<?xml version="1.0" encoding="UTF-8"?>
<beans xmlns="http://www.springframework.org/schema/beans"
	xmlns:xsi="http://www.w3.org/2001/XMLSchema-instance" xmlns:camel="http://camel.apache.org/schema/spring"
	xmlns:cxf="http://camel.apache.org/schema/cxf" xmlns:context="http://www.springframework.org/schema/context"
	xmlns:cxfcore="http://cxf.apache.org/core" xmlns:ctx="http://www.springframework.org/schema/context"
	xmlns:http-conf="http://cxf.apache.org/transports/http/configuration"
	xmlns:jaxrs="http://cxf.apache.org/jaxrs" xmlns:util="http://www.springframework.org/schema/util"
	xsi:schemaLocation="
       http://www.springframework.org/schema/beans http://www.springframework.org/schema/beans/spring-beans.xsd
       http://www.springframework.org/schema/context http://www.springframework.org/schema/context/spring-context.xsd
       http://camel.apache.org/schema/spring http://camel.apache.org/schema/spring/camel-spring.xsd
       http://camel.apache.org/schema/cxf http://camel.apache.org/schema/cxf/camel-cxf.xsd
       http://cxf.apache.org/core http://cxf.apache.org/schemas/core.xsd
       http://www.springframework.org/schema/context http://www.springframework.org/schema/context/spring-context.xsd
       http://cxf.apache.org/transports/http/configuration http://cxf.apache.org/schemas/configuration/http-conf.xsd
       http://cxf.apache.org/jaxrs http://cxf.apache.org/schemas/jaxrs.xsd
       http://www.springframework.org/schema/util http://www.springframework.org/schema/util/spring-util.xsd ">

	<import resource="classpath:META-INF/cxf/cxf.xml" />
	<!-- This import is for SSL Security -->
	<import
		resource="classpath:META-INF/spring/com/aviva/uk/integration/httpj-engines.xml" />

	<bean id="loggingFeature" class="org.apache.cxf.feature.LoggingFeature" />
	<bean id="jsonDataProvider"
		class="com.aviva.uk.integration.cxf.rest.ExtendedJacksonJsonMessageWriter" />
	<bean id="GZIPInInterceptor" class="org.apache.cxf.transport.common.gzip.GZIPInInterceptor" />
	<bean id="eventLogger" class="com.aviva.uk.integration.logging.EventLogger" />
	<cxf:rsClient id="WcfUnisureEndpoint" address="${wcfServiceUrl}">
		<cxf:properties>
			<entry key="dataFormat" value="POJO" />
		</cxf:properties>
		<cxf:features>
			<ref bean="loggingFeature" />
		</cxf:features>
		<cxf:providers>
			<ref bean="jsonDataProvider" />
		</cxf:providers>
		<cxf:inInterceptors>
			<ref bean="GZIPInInterceptor" />
		</cxf:inInterceptors>
	</cxf:rsClient>

	<bean id="bridgePropertyPlaceholder"
		class="org.apache.camel.spring.spi.BridgePropertyPlaceholderConfigurer">
		<property name="locations">
			<list>
				<value>classpath:com/ukgi/environment/properties/globals.properties
				</value>
				<value>classpath:com/aviva/uk/integration/pension/pension.properties
				</value>
				<value>classpath:com/aviva/uk/integration/pension/pensionProductsAPI/pensionProducts.properties
				</value>
			</list>
		</property>
	</bean>

	<bean id="wcfSecurityImpl"
		class="com.aviva.uk.integration.pension.unisureadapter.security.wcf.WcfEncryptionImpl" />
	<bean id="datamapper"
		class="com.aviva.uk.integration.pensionproducts.mapper.DataMapper" />
	<bean id="unisureMapper"
		class="com.aviva.uk.integration.pensionproducts.mapper.UnisureMapper" />
	<bean id="validator"
		class="com.aviva.uk.integration.pensionproducts.validation.Validator" />

	<camelContext id="PensionProducts" xmlns="http://camel.apache.org/schema/spring">
		<route handleFault="true" streamCache="true" id="PensionProductsRoute">
			<from uri="direct-vm:pensionProducts" />
			<bean ref="datamapper" method="mapHttpRequest" />
			<bean ref="validator" method="validate" />
			<to uri="direct:UnisureCall" />
		</route>
		<route handleFault="true" streamCache="true" id="UnisureRoute">
			<from uri="direct:UnisureCall" />
			<removeHeaders pattern="*" />
			<bean method="startEvent('api-v1-pensionproducts-WcfProductDetails','info')"
				ref="eventLogger" />
			<bean ref="eventLogger"
				method="addEventData('api-v1-pensionproducts-WcfProductDetails','Operation','Get')" />
			<bean ref="unisureMapper" method="mapRequest" />
			<bean id="getProductDetailsWCFBeanID" ref="wcfSecurityImpl"
				method="addWcfSecurity" />
			<doTry>
			<to uri="cxfrs:bean:WcfUnisureEndpoint?synchronous=true" id="UNISURE" />
			<bean ref="unisureMapper" method="mapResponse" />
				<bean ref="eventLogger"
					method="addEventData('api-v1-pensionproducts-WcfProductDetails','Status','200')" />
				<doCatch>
					<exception>com.aviva.uk.integration.errorhandling.ProblemDetailsException</exception>
					<handled>
						<constant>false</constant>
					</handled>
					<bean ref="eventLogger"
						method="addEventProblemDetailsFromExchange('api-v1-pensionproducts-WcfProductDetails')" />
				</doCatch>
				<doCatch>
				 <exception>java.lang.Exception</exception>
				 	<handled>
						<constant>false</constant>
					</handled>
					<bean ref="eventLogger"
						method="addEventError('api-v1-pensionproducts-WcfProductDetails',500,'Internal Server Error','${exception}')" />
				</doCatch>
				<doFinally>
					<bean method="endEvent('api-v1-pensionproducts-WcfProductDetails','info')"
						ref="eventLogger" />
				</doFinally>
			</doTry>
		</route>
	</camelContext>

</beans>