<?xml version="1.0" encoding="UTF-8"?>
<beans xmlns="http://www.springframework.org/schema/beans"
	xmlns:xsi="http://www.w3.org/2001/XMLSchema-instance" xmlns:camel="http://camel.apache.org/schema/spring"
	xmlns:cxf="http://camel.apache.org/schema/cxf" xmlns:context="http://www.springframework.org/schema/context"
	xmlns:cxfcore="http://cxf.apache.org/core" xmlns:ctx="http://www.springframework.org/schema/context"
	xmlns:sec="http://cxf.apache.org/configuration/security"
	xmlns:http-conf="http://cxf.apache.org/transports/http/configuration"
	xmlns:jaxrs="http://cxf.apache.org/jaxrs" xmlns:util="http://www.springframework.org/schema/util"
	xsi:schemaLocation="
       http://www.springframework.org/schema/beans http://www.springframework.org/schema/beans/spring-beans.xsd
       http://www.springframework.org/schema/context http://www.springframework.org/schema/context/spring-context.xsd
       http://cxf.apache.org/configuration/security http://cxf.apache.org/schemas/configuration/security.xsd 
       http://camel.apache.org/schema/spring http://camel.apache.org/schema/spring/camel-spring.xsd
       http://camel.apache.org/schema/cxf http://camel.apache.org/schema/cxf/camel-cxf.xsd
       http://cxf.apache.org/core http://cxf.apache.org/schemas/core.xsd
       http://www.springframework.org/schema/context http://www.springframework.org/schema/context/spring-context.xsd
       http://cxf.apache.org/transports/http/configuration http://cxf.apache.org/schemas/configuration/http-conf.xsd
       http://cxf.apache.org/jaxrs http://cxf.apache.org/schemas/jaxrs.xsd
       http://www.springframework.org/schema/util http://www.springframework.org/schema/util/spring-util.xsd ">

	<bean id="pensionProductsDataStub"
		class="com.aviva.uk.integration.pensionproducts.stub.DynamicStub">
	</bean>

	<bean id="projectionDataMockConfig"
		class="org.apache.camel.spring.spi.BridgePropertyPlaceholderConfigurer">
		<property name="locations">
			<list>
				<value>classpath:com/ukgi/environment/properties/globals.properties
				</value>
				<value>classpath:com/aviva/uk/integration/pension/pension.properties
				</value>
			</list>
		</property>
	</bean>

	<bean id="loggingFeature" class="org.apache.cxf.feature.LoggingFeature" />
	<bean id="serviceClass"
		class="com.aviva.uk.integration.pensionproducts.stub.PensionProductsMockResource" />
	<bean id="jsonDataProvider"
		class="com.aviva.uk.integration.cxf.rest.ExtendedJacksonJsonMessageWriter" />

	<cxf:rsServer id="pensionProductsMockEndpoint" address="/v1/mock/pensionPlans"
		serviceClass="com.aviva.uk.integration.pensionproducts.stub.PensionProductsMockResource">
		<cxf:features>
			<ref bean="loggingFeature" />
		</cxf:features>
		<cxf:providers>
			<ref bean="jsonDataProvider" />
		</cxf:providers>
	</cxf:rsServer>

	<bean id="restHandler"
		class="com.aviva.uk.integration.pensionproducts.stub.RestHandler" />

	<camelContext id="pensionProductsMockContext" xmlns="http://camel.apache.org/schema/spring">
		<route handleFault="true" streamCache="true">
			<from uri="cxfrs:bean:pensionProductsMockEndpoint?synchronous=true" />
			<bean ref="restHandler" method="setBody" />
			<log message="Input message ${body}" loggingLevel="DEBUG" />
			<bean ref="pensionProductsDataStub" method="setResponseMessage" />
		</route>
	</camelContext>

</beans>