<?xml version="1.0" encoding="UTF-8"?>

<!-- Configures the Camel Context -->
<beans xmlns="http://www.springframework.org/schema/beans"
	xmlns:xsi="http://www.w3.org/2001/XMLSchema-instance" xmlns:camel="http://camel.apache.org/schema/spring"
	xmlns:cxf="http://camel.apache.org/schema/cxf" xmlns:jaxrs="http://cxf.apache.org/jaxrs"
	xsi:schemaLocation="
       http://www.springframework.org/schema/beans http://www.springframework.org/schema/beans/spring-beans.xsd
       http://camel.apache.org/schema/spring http://camel.apache.org/schema/spring/camel-spring.xsd
       http://camel.apache.org/schema/cxf http://camel.apache.org/schema/cxf/camel-cxf.xsd
       http://cxf.apache.org/jaxrs http://cxf.apache.org/schemas/jaxrs.xsd">


	<bean id="swaggerService" class="com.eai.integration.swagger.SwaggerResource" />
	<bean id="originFilter" class="com.eai.integration.swagger.ApiOriginFilter" />

	<!-- CXF Swagger2Feature -->
	<bean id="swagger2Feature" class="org.apache.cxf.jaxrs.swagger.Swagger2Feature">
		<!-- customize some of the properties -->
		<property name="host" value="localhost:8181" />
		<property name="resourcePackage" value="com.eai.integration.swagger" />
        <property name="version" value="1.0" />
        <property name="basePath" value="/cxf/camelSwagger" />
        <property name="title" value="Swagger UI Integration Sample" />
        <property name="description"
            value="Swagger UI Integration Sample for demonstrating its working." />
        <property name="contact" value="ameer@gmail.com" />
        <property name="scan" value="true" />
	</bean>

	<jaxrs:server id="swaggerServiceURL" address="/camelSwagger">
		<jaxrs:serviceBeans>
			<ref bean="swaggerService" />
		</jaxrs:serviceBeans>

		<jaxrs:features>
			<ref bean="swagger2Feature" />
		</jaxrs:features>
	
		<jaxrs:providers>
			<bean class="com.fasterxml.jackson.jaxrs.json.JacksonJsonProvider" />
			<ref bean="originFilter" />
		</jaxrs:providers>
	</jaxrs:server>

</beans>
