<?xml version="1.0" encoding="UTF-8"?>
<beans xmlns="http://www.springframework.org/schema/beans"
	xmlns:xsi="http://www.w3.org/2001/XMLSchema-instance" xmlns:camel="http://camel.apache.org/schema/spring"
	xmlns:cxf="http://camel.apache.org/schema/cxf" xmlns:context="http://www.springframework.org/schema/context"
	xmlns:cxfcore="http://cxf.apache.org/core" xmlns:ctx="http://www.springframework.org/schema/context"
	xmlns:http-conf="http://cxf.apache.org/transports/http/configuration"
	xmlns:jaxrs="http://cxf.apache.org/jaxrs" xmlns:util="http://www.springframework.org/schema/util"
	xsi:schemaLocation="
       http://www.springframework.org/schema/beans http://www.springframework.org/schema/beans/spring-beans.xsd
       http://www.springframework.org/schema/context http://www.springframework.org/schema/context/spring-context.xsd
       http://camel.apache.org/schema/spring http://camel.apache.org/schema/spring/camel-spring.xsd
       http://camel.apache.org/schema/cxf http://camel.apache.org/schema/cxf/camel-cxf.xsd
       http://cxf.apache.org/core http://cxf.apache.org/schemas/core.xsd
       http://www.springframework.org/schema/context http://www.springframework.org/schema/context/spring-context.xsd
       http://cxf.apache.org/transports/http/configuration http://cxf.apache.org/schemas/configuration/http-conf.xsd
       http://cxf.apache.org/jaxrs http://cxf.apache.org/schemas/jaxrs.xsd
       http://www.springframework.org/schema/util http://www.springframework.org/schema/util/spring-util.xsd ">

	<import resource="classpath:META-INF/cxf/cxf.xml" />
	<!-- This import is for SSL Security -->
	<import
		resource="classpath:META-INF/spring/com/aviva/uk/integration/httpj-engines.xml" />

	<bean id="loggingFeature" class="org.apache.cxf.feature.LoggingFeature" />

	<bean id="serviceClass"
		class="com.aviva.uk.integration.${domain}.${apiName}.${serviceClass}" />

	<bean id="restInboundFeature"
		class="com.aviva.uk.integration.cxf.features.BasicAuthRestInboundFeature">
		<property name="serviceClass" ref="serviceClass" />
	</bean>

	<cxf:rsServer id="${apiName}CXFRestEndpoint" address="{{inboundURL}}"
		depends-on="httpj-engines">
		<cxf:serviceBeans>
			<ref bean="serviceClass" />
		</cxf:serviceBeans>
		<cxf:features>
			<ref bean="loggingFeature" />
			<ref bean="restInboundFeature" />
		</cxf:features>

	</cxf:rsServer>

	<bean id="bridgePropertyPlaceholder"
		class="org.apache.camel.spring.spi.BridgePropertyPlaceholderConfigurer">
		<property name="locations">
			<list>
				<value>classpath:com/ukgi/environment/properties/globals.properties
				</value>
				<value>classpath:com/aviva/uk/integration/${domain}/properties/globals.properties
				</value>
				<value>classpath:com/aviva/uk/integration/${domain}/properties/${apiName}.properties
				</value>
			</list>
		</property>
	</bean>

	<camelContext id="${apiName}Context" xmlns="http://camel.apache.org/schema/spring"
		useBreadcrumb="false">

		<route handleFault="true" streamCache="true" id="${apiName}Route">

			<!--synchronous = true is a must so the CXF endpoint uses sync API (single 
				thread) to do the underlying work -->

			<from uri="cxfrs://bean://${apiName}CXFRestEndpoint?synchronous=true" />

			<removeHeaders pattern="org.apache.cxf.headers*" />
			<removeHeader headerName="Authorization"/>

			<!-- Add your config from here -->

		</route>
	</camelContext>

</beans>