<?xml version="1.0" encoding="UTF-8"?>
<con:soapui-project id="08f0d400-991b-449b-8a2c-d5c7605f3f13" activeEnvironment="Default" name="PENSION PRODUCTS API" soapui-version="5.1.3" abortOnError="false" runType="SEQUENTIAL" resourceRoot="${projectDir}" xmlns:con="http://eviware.com/soapui/config"><con:settings/><con:interface xsi:type="con:RestService" id="ce37a448-6fb6-491e-bb88-04c15be4681a" wadlVersion="http://wadl.dev.java.net/2009/02" name="https://pension.integration.avivaaws.com:8443" type="rest" xmlns:xsi="http://www.w3.org/2001/XMLSchema-instance"><con:settings/><con:definitionCache/><con:endpoints><con:endpoint>https://pension.integration.avivaaws.com:8443</con:endpoint></con:endpoints><con:resource name="PensionProducts" path="/api/v1/pensionPlans/SQ93253382/pensionProducts" id="a164553a-e0b4-4b3a-a43f-b15adffee8c0"><con:settings/><con:parameters/><con:method name="PensionProducts" id="041fbb11-4df2-4f96-aff9-8f78198c456f" method="GET"><con:settings/><con:parameters/><con:representation type="RESPONSE"><con:mediaType>application/json</con:mediaType><con:status>200</con:status><con:params/><con:element xmlns:pen="https://pension.integration.avivaaws.com/api/v1/pensionPlans/SP50070767/pensionProducts">pen:Response</con:element></con:representation><con:representation type="FAULT"><con:mediaType xsi:nil="true"/><con:status>403</con:status><con:params/><con:element>data</con:element></con:representation><con:representation type="FAULT"><con:mediaType xsi:nil="true"/><con:status>403</con:status><con:params/><con:element>data</con:element></con:representation><con:request name="Live_SP50070767" id="76577f71-8625-40c2-bf8c-81bd1f1cced0" mediaType="application/json"><con:settings><con:setting id="com.eviware.soapui.impl.wsdl.WsdlRequest@request-headers">&lt;xml-fragment/></con:setting></con:settings><con:endpoint>https://pension.integration.avivaaws.com:8443</con:endpoint><con:request/><con:originalUri>https://pension.integration.avivaaws.com/api/v1/pensionPlans/SP50070767/pensionProducts</con:originalUri><con:credentials><con:username>AppianPensionUser</con:username><con:password>Pen5!onRe@dUser</con:password><con:selectedAuthProfile>Basic</con:selectedAuthProfile><con:addedBasicAuthenticationTypes>Basic</con:addedBasicAuthenticationTypes><con:preemptive>true</con:preemptive><con:authType>Preemptive</con:authType></con:credentials><con:jmsConfig JMSDeliveryMode="PERSISTENT"/><con:jmsPropertyConfig/><con:parameters/></con:request><con:request name="Live_TL94079762" id="76577f71-8625-40c2-bf8c-81bd1f1cced0" mediaType="application/json"><con:settings><con:setting id="com.eviware.soapui.impl.wsdl.WsdlRequest@request-headers">&lt;xml-fragment/></con:setting></con:settings><con:endpoint>https://pension.integration.avivaaws.com:8443</con:endpoint><con:request/><con:originalUri>https://pension.integration.avivaaws.com/api/v1/pensionPlans/SP50070767/pensionProducts</con:originalUri><con:credentials><con:username>AppianPensionUser</con:username><con:password>Pen5!onRe@dUser</con:password><con:selectedAuthProfile>Basic</con:selectedAuthProfile><con:addedBasicAuthenticationTypes>Basic</con:addedBasicAuthenticationTypes><con:preemptive>true</con:preemptive><con:authType>Preemptive</con:authType></con:credentials><con:jmsConfig JMSDeliveryMode="PERSISTENT"/><con:jmsPropertyConfig/><con:parameters/></con:request><con:request name="Live_TL94109259" id="76577f71-8625-40c2-bf8c-81bd1f1cced0" mediaType="application/json"><con:settings><con:setting id="com.eviware.soapui.impl.wsdl.WsdlRequest@request-headers">&lt;xml-fragment/></con:setting></con:settings><con:endpoint>https://pension.integration.avivaaws.com:8443</con:endpoint><con:request/><con:originalUri>https://pension.integration.avivaaws.com/api/v1/pensionPlans/SP50070767/pensionProducts</con:originalUri><con:credentials><con:username>AppianPensionUser</con:username><con:password>Pen5!onRe@dUser</con:password><con:selectedAuthProfile>Basic</con:selectedAuthProfile><con:addedBasicAuthenticationTypes>Basic</con:addedBasicAuthenticationTypes><con:preemptive>true</con:preemptive><con:authType>Preemptive</con:authType></con:credentials><con:jmsConfig JMSDeliveryMode="PERSISTENT"/><con:jmsPropertyConfig/><con:parameters/></con:request><con:request name="Live_8581501UJ" id="76577f71-8625-40c2-bf8c-81bd1f1cced0" mediaType="application/json"><con:settings><con:setting id="com.eviware.soapui.impl.wsdl.WsdlRequest@request-headers">&lt;xml-fragment/></con:setting></con:settings><con:endpoint>https://pension.integration.avivaaws.com:8443</con:endpoint><con:request/><con:originalUri>https://pension.integration.avivaaws.com/api/v1/pensionPlans/SP50070767/pensionProducts</con:originalUri><con:credentials><con:username>AppianPensionUser</con:username><con:password>Pen5!onRe@dUser</con:password><con:selectedAuthProfile>Basic</con:selectedAuthProfile><con:addedBasicAuthenticationTypes>Basic</con:addedBasicAuthenticationTypes><con:preemptive>true</con:preemptive><con:authType>Preemptive</con:authType></con:credentials><con:jmsConfig JMSDeliveryMode="PERSISTENT"/><con:jmsPropertyConfig/><con:parameters/></con:request><con:request name="Live_8829330UX" id="76577f71-8625-40c2-bf8c-81bd1f1cced0" mediaType="application/json"><con:settings><con:setting id="com.eviware.soapui.impl.wsdl.WsdlRequest@request-headers">&lt;xml-fragment/></con:setting></con:settings><con:endpoint>https://pension.integration.avivaaws.com:8443</con:endpoint><con:request/><con:originalUri>https://pension.integration.avivaaws.com/api/v1/pensionPlans/SP50070767/pensionProducts</con:originalUri><con:credentials><con:username>AppianPensionUser</con:username><con:password>Pen5!onRe@dUser</con:password><con:selectedAuthProfile>Basic</con:selectedAuthProfile><con:addedBasicAuthenticationTypes>Basic</con:addedBasicAuthenticationTypes><con:preemptive>true</con:preemptive><con:authType>Preemptive</con:authType></con:credentials><con:jmsConfig JMSDeliveryMode="PERSISTENT"/><con:jmsPropertyConfig/><con:parameters/></con:request><con:request name="Live_SQ93253382" id="76577f71-8625-40c2-bf8c-81bd1f1cced0" mediaType="application/json"><con:settings><con:setting id="com.eviware.soapui.impl.wsdl.WsdlRequest@request-headers">&lt;xml-fragment/></con:setting></con:settings><con:endpoint>https://pension.integration.avivaaws.com:8443</con:endpoint><con:request/><con:originalUri>https://pension.integration.avivaaws.com/api/v1/pensionPlans/SP50070767/pensionProducts</con:originalUri><con:credentials><con:username>AppianPensionUser</con:username><con:password>Pen5!onRe@dUser</con:password><con:selectedAuthProfile>Basic</con:selectedAuthProfile><con:addedBasicAuthenticationTypes>Basic</con:addedBasicAuthenticationTypes><con:preemptive>true</con:preemptive><con:authType>Preemptive</con:authType></con:credentials><con:jmsConfig JMSDeliveryMode="PERSISTENT"/><con:jmsPropertyConfig/><con:parameters/></con:request></con:method></con:resource></con:interface><con:interface xsi:type="con:RestService" id="bd315f9d-a7f9-46de-be74-3979e35c8645" wadlVersion="http://wadl.dev.java.net/2009/02" name="http://pension-staging.integration.avivaaws.com:8443" type="rest" xmlns:xsi="http://www.w3.org/2001/XMLSchema-instance"><con:settings/><con:definitionCache/><con:endpoints><con:endpoint>http://pension-staging.integration.avivaaws.com:8443</con:endpoint></con:endpoints><con:resource name="PensionProducts" path="/api/v1/pensionPlans/TK10290577/pensionProducts" id="d2c9145b-f48b-47ce-9def-a361b256b711"><con:settings/><con:parameters/><con:method name="PensionProducts" id="1b691b23-698a-4eab-8170-45039e0d27c7" method="GET"><con:settings/><con:parameters/><con:representation type="RESPONSE"><con:mediaType xsi:nil="true"/><con:status>0</con:status><con:params/><con:element>data</con:element></con:representation><con:representation type="RESPONSE"><con:mediaType xsi:nil="true"/><con:status>0</con:status><con:params/><con:element>data</con:element></con:representation><con:representation type="RESPONSE"><con:mediaType xsi:nil="true"/><con:status>0</con:status><con:params/><con:element>data</con:element></con:representation><con:representation type="RESPONSE"><con:mediaType xsi:nil="true"/><con:status>0</con:status><con:params/><con:element>data</con:element></con:representation><con:representation type="RESPONSE"><con:mediaType xsi:nil="true"/><con:status>0</con:status><con:params/><con:element>data</con:element></con:representation><con:representation type="FAULT"><con:mediaType>application/problem+json</con:mediaType><con:status>500</con:status><con:params/><con:element xmlns:pen="http://pension-staging.integration.avivaaws.com/api/v1/pensionPlans/TK10290577/pensionProducts">pen:Fault</con:element></con:representation><con:request name="Request 1" id="7331b3e9-ba03-49ea-9566-a652f212401d" mediaType="application/json"><con:settings><con:setting id="com.eviware.soapui.impl.wsdl.WsdlRequest@request-headers">&lt;xml-fragment/></con:setting></con:settings><con:endpoint>https://pension-runway.integration.avivaaws.com:8443</con:endpoint><con:request/><con:originalUri>http://pension-staging.integration.avivaaws.com/api/v1/pensionPlans/TK10290577/pensionProducts</con:originalUri><con:credentials><con:username>AppianAccount</con:username><con:password>AppianAccount</con:password><con:selectedAuthProfile>Basic</con:selectedAuthProfile><con:addedBasicAuthenticationTypes>Basic</con:addedBasicAuthenticationTypes><con:preemptive>true</con:preemptive><con:authType>Preemptive</con:authType></con:credentials><con:jmsConfig JMSDeliveryMode="PERSISTENT"/><con:jmsPropertyConfig/><con:parameters/></con:request></con:method></con:resource></con:interface><con:interface xsi:type="con:RestService" id="db406a85-a4a5-40de-85fb-988437dfc934" wadlVersion="http://wadl.dev.java.net/2009/02" name="https://pension-dev.integration.avivaaws.com:8443" type="rest" xmlns:xsi="http://www.w3.org/2001/XMLSchema-instance"><con:settings/><con:definitionCache/><con:endpoints><con:endpoint>https://pension-dev.integration.avivaaws.com:8443</con:endpoint></con:endpoints><con:resource name="PensionProducts" path="/api/v1/pensionPlans/TK10290577/pensionProducts" id="044aa33c-7dbf-47c7-a9ee-c2b1bed7961d"><con:settings/><con:parameters/><con:method name="PensionProducts" id="897ad9da-9283-48f2-90f1-e35f152a6b52" method="GET"><con:settings/><con:parameters/><con:representation type="RESPONSE"><con:mediaType xsi:nil="true"/><con:status>0</con:status><con:params/><con:element>data</con:element></con:representation><con:representation type="RESPONSE"><con:mediaType xsi:nil="true"/><con:status>0</con:status><con:params/><con:element>data</con:element></con:representation><con:representation type="RESPONSE"><con:mediaType xsi:nil="true"/><con:status>0</con:status><con:params/><con:element>data</con:element></con:representation><con:representation type="RESPONSE"><con:mediaType xsi:nil="true"/><con:status>0</con:status><con:params/><con:element>data</con:element></con:representation><con:representation type="FAULT"><con:mediaType>application/problem+json</con:mediaType><con:status>500</con:status><con:params/><con:element xmlns:pen="https://pension-dev.integration.avivaaws.com/api/v1/pensionPlans/TK10290577/pensionProducts">pen:Fault</con:element></con:representation><con:request name="Request 1" id="9461066c-8cc6-45ac-9db2-99bc5903796f" mediaType="application/json"><con:settings><con:setting id="com.eviware.soapui.impl.wsdl.WsdlRequest@request-headers">&lt;xml-fragment/></con:setting></con:settings><con:endpoint>https://pension-dev.integration.avivaaws.com:8443</con:endpoint><con:request/><con:originalUri>https://pension-dev.integration.avivaaws.com/api/v1/pensionPlans/TK10290577/pensionProducts</con:originalUri><con:credentials><con:username>AppianAccount</con:username><con:password>AppianAccount</con:password><con:selectedAuthProfile>Basic</con:selectedAuthProfile><con:addedBasicAuthenticationTypes>Basic</con:addedBasicAuthenticationTypes><con:preemptive>true</con:preemptive><con:authType>Preemptive</con:authType></con:credentials><con:jmsConfig JMSDeliveryMode="PERSISTENT"/><con:jmsPropertyConfig/><con:parameters/></con:request></con:method></con:resource></con:interface><con:properties/><con:wssContainer/><con:oAuth2ProfileContainer/></con:soapui-project>